{
    "background-color": "#272A34",
    "badge-color": "#AC7EA8",
    "bold-color": "#FFFFFF",
    "comment": "",
    "cursor-background-color": "#000000",
    "cursor-foreground-color": "#FFFFFF",
    "foreground-color": "#FFFFFF",
    "highlight-background-color": "#000000",
    "highlight-foreground-color": "#FFFFFF",
    "name": "Flat-Remix",
    "palette": [
        "#1F2229",
        "#D41919",
        "#5EBDAB",
        "#FEA44C",
        "#367bf0",
        "#9755b3",
        "#49AEE6",
        "#E6E6E6",
        "#198388",
        "#EC0101",
        "#47D4B9",
        "#FF8A18",
        "#277FFF",
        "#962ac3",
        "#05A1F7",
        "#FFFFFF"
    ],
    "use-badge-color": false,
    "use-bold-color": false,
    "use-cursor-color": false,
    "use-highlight-color": false,
    "use-theme-colors": true
}
